sample_id,task_id,episode_id,task_intent_provisional,specificity_provisional,task_outcome,task_duration_s,task_duration_band,website_domain,episode_duration_s,episode_position,retained_visit_count,action_count,has_result_state,post_action_mapped_visits,document_reset,source_warning,review_url_a,review_url_b
S001,01,E03,informational,concrete,success,93.586,short,en.wikipedia.org,1.598,early,0,0,True,0,False,,../../episode_review/task01.html?episode=E03&coder=A&readonly=1,../../episode_review/task01.html?episode=E03&coder=B&readonly=1
S002,01,E05,informational,concrete,success,93.586,short,en.wikipedia.org,20.136,late,0,2,True,0,False,,../../episode_review/task01.html?episode=E05&coder=A&readonly=1,../../episode_review/task01.html?episode=E05&coder=B&readonly=1
S003,02,E03,informational,concrete,success,151.825,medium,en.wikipedia.org,30.237,early,35,3,True,0,False,,../../episode_review/task02.html?episode=E03&coder=A&readonly=1,../../episode_review/task02.html?episode=E03&coder=B&readonly=1
S004,02,E05,informational,concrete,success,151.825,medium,en.wikipedia.org,2.39,late,6,0,True,0,False,,../../episode_review/task02.html?episode=E05&coder=A&readonly=1,../../episode_review/task02.html?episode=E05&coder=B&readonly=1
S005,03,E09,informational,vague,success,168.443,medium,www.gardeners.com,7.182,early,9,3,True,8,False,,../../episode_review/task03.html?episode=E09&coder=A&readonly=1,../../episode_review/task03.html?episode=E09&coder=B&readonly=1
S006,03,E17,informational,vague,success,168.443,medium,www.gardeners.com,1.828,late,6,2,True,9,False,,../../episode_review/task03.html?episode=E17&coder=A&readonly=1,../../episode_review/task03.html?episode=E17&coder=B&readonly=1
S007,04,E03,informational,concrete,success,62.271,short,www.sipandfeast.com,5.51,early,2,6,True,0,False,,../../episode_review/task04.html?episode=E03&coder=A&readonly=1,../../episode_review/task04.html?episode=E03&coder=B&readonly=1
S008,04,E05,informational,concrete,success,62.271,short,www.sipandfeast.com,4.87,late,0,4,True,0,True,,../../episode_review/task04.html?episode=E05&coder=A&readonly=1,../../episode_review/task04.html?episode=E05&coder=B&readonly=1
S009,05,E04,informational,concrete,success,74.382,short,chi2026.acm.org,4.683,early,6,6,True,2,False,,../../episode_review/task05.html?episode=E04&coder=A&readonly=1,../../episode_review/task05.html?episode=E04&coder=B&readonly=1
S010,05,E07,informational,concrete,success,74.382,short,chi2026.acm.org,1.961,late,1,0,True,1,False,,../../episode_review/task05.html?episode=E07&coder=A&readonly=1,../../episode_review/task05.html?episode=E07&coder=B&readonly=1
S011,06,E02,informational,vague,success,85.942,short,www.bbc.com,2.978,early,0,4,True,0,True,,../../episode_review/task06.html?episode=E02&coder=A&readonly=1,../../episode_review/task06.html?episode=E02&coder=B&readonly=1
S012,06,E03,informational,vague,success,85.942,short,www.bbc.com,0.165,late,0,0,False,0,False,,../../episode_review/task06.html?episode=E03&coder=A&readonly=1,../../episode_review/task06.html?episode=E03&coder=B&readonly=1
S013,07,E21,transactional,concrete,success,312.12,long,www.heb.com,8.079,early,13,1,True,0,False,,../../episode_review/task07.html?episode=E21&coder=A&readonly=1,../../episode_review/task07.html?episode=E21&coder=B&readonly=1
S014,07,E41,transactional,concrete,success,312.12,long,www.heb.com,4.527,late,1,1,True,20,False,,../../episode_review/task07.html?episode=E41&coder=A&readonly=1,../../episode_review/task07.html?episode=E41&coder=B&readonly=1
S015,08,E03,transactional,concrete,success,74.128,short,www.heb.com,4.878,early,1,9,True,1,False,,../../episode_review/task08.html?episode=E03&coder=A&readonly=1,../../episode_review/task08.html?episode=E03&coder=B&readonly=1
S016,08,E06,transactional,concrete,success,74.128,short,www.heb.com,1.934,late,0,1,True,0,False,,../../episode_review/task08.html?episode=E06&coder=A&readonly=1,../../episode_review/task08.html?episode=E06&coder=B&readonly=1
S017,09,E04,transactional,concrete,success,115.878,short,www.amazon.com,2.107,early,0,2,True,0,False,,../../episode_review/task09.html?episode=E04&coder=A&readonly=1,../../episode_review/task09.html?episode=E04&coder=B&readonly=1
S018,09,E08,transactional,concrete,success,115.878,short,www.amazon.com,2.744,late,0,2,True,0,False,,../../episode_review/task09.html?episode=E08&coder=A&readonly=1,../../episode_review/task09.html?episode=E08&coder=B&readonly=1
S019,10,E04,transactional,vague,success,64.531,short,www.amazon.com,1.533,early,3,0,True,5,False,,../../episode_review/task10.html?episode=E04&coder=A&readonly=1,../../episode_review/task10.html?episode=E04&coder=B&readonly=1
S020,10,E07,transactional,vague,success,64.531,short,www.amazon.com,4.23,late,0,3,True,0,False,,../../episode_review/task10.html?episode=E07&coder=A&readonly=1,../../episode_review/task10.html?episode=E07&coder=B&readonly=1
S021,11,E04,informational,vague,success,90.629,short,www.reddit.com,1.952,early,1,9,True,13,False,,../../episode_review/task11.html?episode=E04&coder=A&readonly=1,../../episode_review/task11.html?episode=E04&coder=B&readonly=1
S022,11,E07,informational,vague,success,90.629,short,www.reddit.com,3.717,late,8,1,True,1,False,,../../episode_review/task11.html?episode=E07&coder=A&readonly=1,../../episode_review/task11.html?episode=E07&coder=B&readonly=1
S023,12,E18,informational,vague,failure,200.228,medium,www.reddit.com,3.64,early,8,8,True,0,False,,../../episode_review/task12.html?episode=E18&coder=A&readonly=1,../../episode_review/task12.html?episode=E18&coder=B&readonly=1
S024,12,E35,informational,vague,failure,200.228,medium,www.reddit.com,10.981,late,18,8,True,11,True,,../../episode_review/task12.html?episode=E35&coder=A&readonly=1,../../episode_review/task12.html?episode=E35&coder=B&readonly=1
S025,13,E10,informational,concrete,success,197.614,medium,chi2026.acm.org,2.186,early,0,6,True,3,True,,../../episode_review/task13.html?episode=E10&coder=A&readonly=1,../../episode_review/task13.html?episode=E10&coder=B&readonly=1
S026,13,E19,informational,concrete,success,197.614,medium,chi2026.acm.org,6.952,late,5,0,True,2,False,,../../episode_review/task13.html?episode=E19&coder=A&readonly=1,../../episode_review/task13.html?episode=E19&coder=B&readonly=1
S027,14,E02,informational,vague,success,56.655,short,programs.sigchi.org,9.617,early,18,9,True,0,False,,../../episode_review/task14.html?episode=E02&coder=A&readonly=1,../../episode_review/task14.html?episode=E02&coder=B&readonly=1
S028,14,E03,informational,vague,success,56.655,short,programs.sigchi.org,0.13,late,0,0,False,0,False,,../../episode_review/task14.html?episode=E03&coder=A&readonly=1,../../episode_review/task14.html?episode=E03&coder=B&readonly=1
S029,15,E02,transactional,concrete,success,91.923,short,unavailable,1.807,early,0,1,False,0,False,"Only the initial launcher screen/AX tree was recorded for Task 15. Booking actions are listed, but screen–tree mapping is unavailable.",../../episode_review/task15.html?episode=E02&coder=A&readonly=1,../../episode_review/task15.html?episode=E02&coder=B&readonly=1
S030,15,E03,transactional,concrete,success,91.923,short,unavailable,3.358,late,0,1,False,0,False,"Only the initial launcher screen/AX tree was recorded for Task 15. Booking actions are listed, but screen–tree mapping is unavailable.",../../episode_review/task15.html?episode=E03&coder=A&readonly=1,../../episode_review/task15.html?episode=E03&coder=B&readonly=1
S031,16,E02,informational,concrete,success,39.19,short,www.reddit.com,3.408,early,1,2,True,0,False,,../../episode_review/task16.html?episode=E02&coder=A&readonly=1,../../episode_review/task16.html?episode=E02&coder=B&readonly=1
S032,16,E03,informational,concrete,success,39.19,short,www.reddit.com,2.087,late,0,3,True,0,False,,../../episode_review/task16.html?episode=E03&coder=A&readonly=1,../../episode_review/task16.html?episode=E03&coder=B&readonly=1
S033,17,E12,informational,vague,success,168.554,medium,www.reddit.com,1.226,early,6,1,True,1,False,,../../episode_review/task17.html?episode=E12&coder=A&readonly=1,../../episode_review/task17.html?episode=E12&coder=B&readonly=1
S034,17,E23,informational,vague,success,168.554,medium,www.reddit.com,1.323,late,0,1,True,1,False,,../../episode_review/task17.html?episode=E23&coder=A&readonly=1,../../episode_review/task17.html?episode=E23&coder=B&readonly=1
S035,18,E08,informational,concrete,success,156.427,medium,www.youtube.com,3.693,early,4,5,True,3,True,,../../episode_review/task18.html?episode=E08&coder=A&readonly=1,../../episode_review/task18.html?episode=E08&coder=B&readonly=1
S036,18,E16,informational,concrete,success,156.427,medium,www.youtube.com,2.347,late,6,3,True,3,False,,../../episode_review/task18.html?episode=E16&coder=A&readonly=1,../../episode_review/task18.html?episode=E16&coder=B&readonly=1
S037,19,E05,informational,concrete,success,181.113,medium,www.youtube.com,1.628,early,0,3,True,1,False,,../../episode_review/task19.html?episode=E05&coder=A&readonly=1,../../episode_review/task19.html?episode=E05&coder=B&readonly=1
S038,19,E09,informational,concrete,success,181.113,medium,www.youtube.com,26.139,late,19,5,True,0,False,,../../episode_review/task19.html?episode=E09&coder=A&readonly=1,../../episode_review/task19.html?episode=E09&coder=B&readonly=1
S039,20,E10,transactional,concrete,success,185.431,medium,www.target.com,3.341,early,9,15,True,0,False,,../../episode_review/task20.html?episode=E10&coder=A&readonly=1,../../episode_review/task20.html?episode=E10&coder=B&readonly=1
S040,20,E19,transactional,concrete,success,185.431,medium,www.target.com,2.077,late,5,1,True,3,False,,../../episode_review/task20.html?episode=E19&coder=A&readonly=1,../../episode_review/task20.html?episode=E19&coder=B&readonly=1
S041,21,E08,informational,vague,success,129.191,medium,chi2026.acm.org,10.868,early,21,7,True,4,False,,../../episode_review/task21.html?episode=E08&coder=A&readonly=1,../../episode_review/task21.html?episode=E08&coder=B&readonly=1
S042,21,E15,informational,vague,success,129.191,medium,chi2026.acm.org,1.128,late,1,0,True,7,False,,../../episode_review/task21.html?episode=E15&coder=A&readonly=1,../../episode_review/task21.html?episode=E15&coder=B&readonly=1
S043,22,E05,informational,concrete,success,198.783,medium,www.apple.com,2.336,early,5,5,True,11,False,,../../episode_review/task22.html?episode=E05&coder=A&readonly=1,../../episode_review/task22.html?episode=E05&coder=B&readonly=1
S044,22,E09,informational,concrete,success,198.783,medium,www.apple.com,2.504,late,5,1,True,2,False,,../../episode_review/task22.html?episode=E09&coder=A&readonly=1,../../episode_review/task22.html?episode=E09&coder=B&readonly=1
S045,23,E07,transactional,concrete,success,144.627,medium,www.expedia.com,2.53,early,3,0,True,1,False,,../../episode_review/task23.html?episode=E07&coder=A&readonly=1,../../episode_review/task23.html?episode=E07&coder=B&readonly=1
S046,23,E13,transactional,concrete,success,144.627,medium,www.expedia.com,1.1,late,2,0,True,1,False,,../../episode_review/task23.html?episode=E13&coder=A&readonly=1,../../episode_review/task23.html?episode=E13&coder=B&readonly=1
S047,24,E20,informational,vague,success,451.648,long,www.cs.utah.edu,4.12,early,3,3,True,0,False,,../../episode_review/task24.html?episode=E20&coder=A&readonly=1,../../episode_review/task24.html?episode=E20&coder=B&readonly=1
S048,24,E39,informational,vague,success,451.648,long,www.cs.utah.edu,21.186,late,20,3,True,4,False,,../../episode_review/task24.html?episode=E39&coder=A&readonly=1,../../episode_review/task24.html?episode=E39&coder=B&readonly=1
S049,25,E03,informational,concrete,success,44.957,short,www.cs.utah.edu,5.562,early,0,2,True,0,False,,../../episode_review/task25.html?episode=E03&coder=A&readonly=1,../../episode_review/task25.html?episode=E03&coder=B&readonly=1
S050,25,E05,informational,concrete,success,44.957,short,www.cs.utah.edu,4.504,late,0,2,True,0,True,,../../episode_review/task25.html?episode=E05&coder=A&readonly=1,../../episode_review/task25.html?episode=E05&coder=B&readonly=1
S051,26,E10,transactional,vague,success,224.917,medium,www.amazon.com,5.459,early,15,5,True,4,False,,../../episode_review/task26.html?episode=E10&coder=A&readonly=1,../../episode_review/task26.html?episode=E10&coder=B&readonly=1
S052,26,E19,transactional,vague,success,224.917,medium,www.amazon.com,11.374,late,0,18,True,0,False,,../../episode_review/task26.html?episode=E19&coder=A&readonly=1,../../episode_review/task26.html?episode=E19&coder=B&readonly=1
S053,27,E02,informational,concrete,success,96.028,short,www.cs.utah.edu,7.675,early,11,3,True,0,True,,../../episode_review/task27.html?episode=E02&coder=A&readonly=1,../../episode_review/task27.html?episode=E02&coder=B&readonly=1
S054,27,E04,informational,concrete,success,96.028,short,www.cs.utah.edu,2.479,late,0,1,True,1,False,,../../episode_review/task27.html?episode=E04&coder=A&readonly=1,../../episode_review/task27.html?episode=E04&coder=B&readonly=1
S055,28,E02,navigational,concrete,success,40.273,short,www.google.com,8.304,early,0,2,True,0,False,,../../episode_review/task28.html?episode=E02&coder=A&readonly=1,../../episode_review/task28.html?episode=E02&coder=B&readonly=1
S056,28,E03,navigational,concrete,success,40.273,short,www.google.com,0.143,late,0,0,False,0,False,,../../episode_review/task28.html?episode=E03&coder=A&readonly=1,../../episode_review/task28.html?episode=E03&coder=B&readonly=1
S057,30,E05,transactional,concrete,success,108.869,short,www.youtube.com,3.934,early,4,1,True,0,False,,../../episode_review/task30.html?episode=E05&coder=A&readonly=1,../../episode_review/task30.html?episode=E05&coder=B&readonly=1
S058,30,E10,transactional,concrete,success,108.869,short,www.youtube.com,6.557,late,7,2,True,1,False,,../../episode_review/task30.html?episode=E10&coder=A&readonly=1,../../episode_review/task30.html?episode=E10&coder=B&readonly=1
S059,31,E01,navigational,concrete,success,53.921,short,en.wikipedia.org,7.79,early,0,5,True,0,True,,../../episode_review/task31.html?episode=E01&coder=A&readonly=1,../../episode_review/task31.html?episode=E01&coder=B&readonly=1
S060,31,E02,navigational,concrete,success,53.921,short,en.wikipedia.org,0.124,late,0,0,False,0,False,,../../episode_review/task31.html?episode=E02&coder=A&readonly=1,../../episode_review/task31.html?episode=E02&coder=B&readonly=1
